sepal length (cm),sepal width (cm),petal length (cm),petal width (cm),target
4.886563937493147,2.1693649937610315,4.790273741417263,0.16362714529989236,2
4.9,3.0,1.4,0.2,0
4.7,3.2,1.3,0.2,0
4.6,3.1,1.5,0.2,0
5.878506842865113,3.612862724708479,2.9361007381009188,0.4720998801465861,1
5.4,3.9,1.7,0.4,0
4.6,3.4,1.4,0.3,0
5.0,3.4,1.5,0.2,0
4.4,2.9,1.4,0.2,0
4.842583158275546,3.2196770641777253,5.105295560066203,2.1600611315529274,2
4.391262676295647,4.310356195227021,5.932282711022014,1.7703380946248752,0
6.514026016117011,4.376129240250233,1.8264956898954918,1.3439911656729682,1
6.7196879706611625,3.8278870767889224,2.402061509555158,1.847719236668463,0
4.3,3.0,1.1,0.1,0
5.8,4.0,1.2,0.2,0
5.686351822966931,4.042728011640457,2.8698398304220385,0.506782592046622,0
4.447843060364352,2.957170163467507,3.557772351726378,1.885702343197877,1
5.1,3.5,1.4,0.3,0
5.343105230489565,2.3869310894096105,6.4852161488211815,2.0394889109546006,0
5.092867771235974,3.706758877851243,5.7760561722243215,0.9367983695001505,2
5.4,3.4,1.7,0.2,0
5.1,3.7,1.5,0.4,0
6.289953880607764,3.373501926010012,6.78395634392467,0.2808310144147077,0
5.157650148654326,2.9065493268231077,4.152532093830324,1.2917468576393865,0
7.865818511202424,2.9902824245874235,3.194906706177421,1.9633911057807925,2
7.650726372172834,4.060190604423228,3.5310647615126083,1.9020905626995936,0
4.3182217018463875,2.3859393234019968,4.237529357262858,1.7605484744624638,0
7.164853609969964,4.13601282036216,2.9941714254240615,1.0013990863358657,1
5.044063695556283,2.657506705570721,2.2660758062794075,1.005421799747142,0
7.107551965087446,3.5408759507702907,1.496425793470788,0.487908913827073,1
7.593511804793614,2.8883808806130666,1.0911940375203177,2.327964550210541,0
4.325027669912286,3.225793526186158,3.462724918577796,0.6330587451297526,2
5.331548507661823,3.417999825365626,1.1799514746403916,0.1896356529981146,1
5.7279457670353064,4.140552581064265,1.8649684479829505,1.331982804861743,1
4.9,3.1,1.5,0.2,0
5.0,3.2,1.2,0.2,0
6.576300990136886,3.520471305826147,4.161070636041075,0.3166954481305799,0
4.9,3.6,1.4,0.1,0
4.4,3.0,1.3,0.2,0
7.349715318744123,2.8517724571105294,6.645125222246093,1.724247770618328,2
4.639994658721342,3.6392162561992567,1.4200130259153512,0.8655415127050271,1
4.5,2.3,1.3,0.3,0
5.461182751258962,4.036807507819219,1.80606585550797,1.8013863925842848,2
5.0,3.5,1.6,0.6,0
6.753809208302043,2.8174989667141763,2.538097716591828,1.2904898903041748,1
7.066794451502712,2.104649052210641,6.867848013704313,1.2278668335782632,1
5.1,3.8,1.6,0.2,0
6.079913096929293,2.138141024039946,4.242220405710039,1.1596732032961048,2
5.3,3.7,1.5,0.2,0
5.0,3.3,1.4,0.2,0
7.0,3.2,4.7,1.4,1
4.593739049440865,2.0124436706575684,4.704577048196953,0.5662574884289013,1
6.9,3.1,4.9,1.5,1
5.5,2.3,4.0,1.3,1
6.5,2.8,4.6,1.5,1
5.170668247241626,2.2234466427341584,6.293572971924628,2.261003337191993,2
4.927719144417969,3.658250571445919,3.2817385431731707,2.348151972968163,0
4.9,2.4,3.3,1.0,1
6.6,2.9,4.6,1.3,1
5.2,2.7,3.9,1.4,1
6.808253795310943,3.509462832271722,6.1770848798096125,1.8641705051293258,0
5.9,3.0,4.2,1.5,1
7.097728897338772,3.3401701993659323,3.5029098545571604,2.275250524227366,2
6.1,2.9,4.7,1.4,1
5.269884401674677,2.585901253394658,1.9929171488202904,0.6250341269753685,0
5.7208892805141005,4.026111537743148,6.487099325383908,0.26899871403890535,1
4.355096345045385,4.2402471393907595,3.95613531510003,1.39450587616015,0
6.264220441537366,4.259515541063661,3.278005563024568,2.406857353177394,1
6.090094621212588,2.722107943560247,2.680558916827059,0.18852867365087872,0
5.22858985977456,3.58396171048203,5.821610981187174,1.4324819478387096,0
5.9,3.2,4.8,1.8,1
6.1,2.8,4.0,1.3,1
6.3,2.5,4.9,1.5,1
5.1974520249359495,2.9849190152855116,5.457751717403988,0.6491155971798939,2
6.4,2.9,4.3,1.3,1
5.5815016431445414,3.8188306651144863,1.0849215829155596,0.37857433721659894,0
5.279676097784687,3.55445628929927,1.0030702242723633,0.9461652552020056,2
6.7,3.0,5.0,1.7,1
6.241632070896342,3.9378563723937505,6.2869386695486105,0.8632083399324733,0
5.7,2.6,3.5,1.0,1
5.5,2.4,3.8,1.1,1
4.5094969438303965,4.196512946303553,3.6098781554135164,0.6754896619777677,1
7.815813840997551,2.9864888319637553,1.1949993241132355,0.9281709952640391,0
6.0,2.7,5.1,1.6,1
5.4,3.0,4.5,1.5,1
5.946154581809423,4.020855380028756,2.146842200569751,1.0872493721360286,2
6.594747645393544,3.7426192009343877,6.757527268828954,1.3391208359228688,1
6.3,2.3,4.4,1.3,1
5.6,3.0,4.1,1.3,1
5.5,2.5,4.0,1.3,1
5.5,2.6,4.4,1.2,1
6.1,3.0,4.6,1.4,1
5.8,2.6,4.0,1.2,1
5.0,2.3,3.3,1.0,1
5.452178563710202,4.149255748390882,3.2962899045315623,0.12601036355271608,0
6.074892367978498,2.199882586868623,1.5410544688250383,1.5458582221626855,2
7.04811192281408,3.936591144921871,3.0431954944274646,1.2152171510550673,0
6.265296772593961,3.693995561308867,6.715046469447397,1.7512720244200939,1
5.1,2.5,3.0,1.1,1
5.7,2.8,4.1,1.3,1
6.3,3.3,6.0,2.5,2
7.567697342854768,3.420532973171083,3.06628765553185,1.7996348693996795,2
7.1,3.0,5.9,2.1,2
6.3,2.9,5.6,1.8,2
6.732484421341411,3.7645186861778535,2.233522562352511,1.399475137186158,1
5.734617043830545,3.4780402353253197,4.747052540119099,0.20872962345290685,2
4.9,2.5,4.5,1.7,2
7.3,2.9,6.3,1.8,2
7.561955635786795,3.042546477225029,3.0654626053985865,1.6482480688733556,2
4.638965157766816,2.7473919425391062,6.779112118866901,0.5207926477344125,1
5.162422806401101,2.3477476930189356,3.887771285637622,2.465561089865442,2
6.4,2.7,5.3,1.9,2
6.8,3.0,5.5,2.1,2
6.52558502793854,2.2426944226946968,1.496230156078485,1.782325915501888,1
5.8,2.8,5.1,2.4,2
6.4,3.2,5.3,2.3,2
6.5,3.0,5.5,1.8,2
5.065820422087224,4.270866902916056,5.609646697780096,0.3723150448418753,0
4.679779335388974,3.0956829691589847,2.288798579579318,1.099623874888879,1
6.0,2.2,5.0,1.5,2
6.9,3.2,5.7,2.3,2
5.6,2.8,4.9,2.0,2
7.1834174608566395,3.6252040217191563,4.382865545864407,0.4084008477613844,0
7.783289985472891,3.3151325197954096,3.4984785596178996,1.4644486809999,2
6.7,3.3,5.7,2.1,2
7.2,3.2,6.0,1.8,2
6.2,2.8,4.8,1.8,2
6.708357716971223,3.3936478914474915,3.1964683227142845,2.3563202618986683,0
5.107369514058015,3.7092301312340865,2.3997696162311204,0.8809592755822425,2
7.2,3.0,5.8,1.6,2
7.4,2.8,6.1,1.9,2
6.8953837273076655,2.739345900445734,4.200987360273906,1.3211537844130241,1
4.979345590028966,2.6692912462212366,5.132111196839351,2.131986741371934,1
6.872545321720224,3.584473704122555,2.651609991981063,2.391676673591666,2
6.1,2.6,5.6,1.4,2
7.7,3.0,6.1,2.3,2
6.3,3.4,5.6,2.4,2
6.665600782600601,3.0456149568269386,5.3072319677147295,0.2145187064599571,1
7.851902482604232,2.8982499098146888,3.1867886676946564,2.050718961418006,2
6.9,3.1,5.4,2.1,2
6.7,3.1,5.6,2.4,2
5.753810215808947,2.1557413930615557,2.4981009422126337,0.6925025508126428,2
5.391755852823602,3.288997825271973,2.9272423265966414,2.0868856090902126,0
6.07306369774791,2.468583170715307,5.262467480042882,0.7738536698580538,2
6.7,3.3,5.7,2.5,2
5.254728523654212,2.585575144109801,6.740762273039429,1.0434345392002249,1
5.356930639352176,3.942466773148433,5.779669028607167,2.180973564592249,0
6.5,3.0,5.2,2.0,2
6.2,3.4,5.4,2.3,2
5.9,3.0,5.1,1.8,2
